frame_nmr,car_id,car_bbox,license_plate_bbox,license_plate_bbox_score,license_number,license_number_score
0,1.0,[5.83807897567749 203.03269958496094 467.99407958984375 581.3812255859375],[150.7064666748047 489.8171691894531 330.7702331542969 540.29052734375],0.9153130650520325,WLV 610,0.6990805541296341
1,1.0,[6.210894989537081 203.7853986862109 467.08170184176754 580.5945943272999],[150.59832763671875 489.4206848144531 330.0500183105469 540.1790161132812],0.9155582189559937,WLV 610,0.9733635197390184
2,1.0,[6.331456547040204 203.08004193353582 464.17177042159074 575.942447698148],[150.3680419921875 489.1155090332031 329.416259765625 540.0376586914062],0.9154176115989685,WLV 610,0.5901051516314783
3,1.0,[6.27584714764032 204.12048570315952 462.43898380158606 574.6991666312883],[149.8885040283203 489.00830078125 328.8313903808594 539.8339233398438],0.9163705110549927,WLV 610,0.8547416423788785
4,1.0,[6.049134641093417 205.1673462712091 460.924422247995 573.909216259384],[148.96273803710938 489.0434875488281 327.4115295410156 539.7503662109375],0.9152765870094299,WLV 610,0.6516137801563598
5,1.0,[5.500356881329338 206.53158701375938 459.1409927219722 573.7983903247197],[148.58717346191406 489.22027587890625 326.41912841796875 539.5440673828125],0.9156445264816284,WLV 610,0.6139669385597741
6,1.0,[4.966792774753486 207.7187735386289 457.412650524245 573.5831236202077],[148.01168823242188 489.2515563964844 324.816650390625 539.6975708007812],0.91273033618927,WLV 610,0.9651154228043178
7,1.0,[4.354792382013386 208.34538741031835 455.8997849637113 573.2609884391899],[147.74607849121094 488.9012756347656 323.7782287597656 539.5],0.9129649996757507,WLV 610,0.6012058493954409
8,1.0,[3.6670577443774164 208.9460042089474 454.51403399615833 573.0872083528925],[147.29995727539062 488.4969177246094 322.1442565917969 539.3775634765625],0.914290726184845,KLV 610,0.5131591725789119
9,1.0,[3.230285405939128 209.3617774318193 453.12220157947996 572.5175880386417],[146.4412078857422 488.4432678222656 320.4776916503906 539.1377563476562],0.9154840707778931,WLV 610,0.882392784964235
10,1.0,[2.5973189150669214 209.72991393003605 451.6800887796934 572.285260262563],[144.96791076660156 488.5236511230469 318.7639465332031 539.1064453125],0.9165742993354797,WLV 610,0.8564213811072641
11,1.0,[2.113507520288863 209.91012134496154 450.4442902382542 571.9782808708339],[144.00259399414062 488.60687255859375 317.6316833496094 538.9314575195312],0.9181621074676514,WLV 610,0.4429584300246417
12,1.0,[1.3065243128082784 210.63603169178552 448.65343156751175 572.0092711424504],[142.8612823486328 488.3965148925781 316.8141174316406 538.8275756835938],0.9188171625137329,WLV 610,0.6822767650953587
13,1.0,[0.7898013475336825 211.55913476965588 446.90905805124646 571.9749405694849],[142.44229125976562 488.3609313964844 315.4781799316406 538.9229125976562],0.9203279614448547,KLV 610,0.5243425920563298
14,1.0,[0.11024720093928408 212.55346757287737 444.86277441117227 572.264754433778],[139.8995361328125 488.62811279296875 313.8939208984375 539.5043334960938],0.9203595519065857,WLV 610,0.9124346459447245
15,1.0,[0.28762912087987047 213.7199123574862 443.76097946995617 572.7914519177547],[138.9859161376953 489.2111511230469 312.4136047363281 539.9769287109375],0.9181284308433533,WLV 610,0.7521446156490039
16,1.0,[0.1907757130813934 214.6654262644726 442.29171143445996 573.0811346306276],[137.14109802246094 489.481689453125 310.75018310546875 539.8919677734375],0.9156702160835266,WLV 610,0.7616688942384096
17,1.0,[-0.23461169142282756 215.6148195694742 440.0386916233424 573.3961756475846],[134.9192352294922 489.5469055175781 308.4260559082031 540.31396484375],0.9099846482276917,WLV 610,0.4956028820214094
18,1.0,[-0.48323796319820644 216.47756694236642 437.5694492685475 573.7502312211707],[132.0811004638672 489.2630310058594 305.4263000488281 540.80029296875],0.9125088453292847,WLV 610,0.8097110968389286
19,1.0,[-0.7151769867273003 217.21275137619594 434.997543343096 574.0494796853025],[130.646728515625 489.67913818359375 303.2872009277344 541.4276123046875],0.9155728220939636,NLV 610,0.5694709478805695
20,1.0,[-0.8688054382416794 217.8841441875609 432.6395959363501 574.67075801734],[129.57801818847656 489.8725280761719 301.0765686035156 541.9968872070312],0.9135057330131531,WLV 610,0.6729278821255578
21,1.0,[-1.0647034750921307 218.51393927050532 429.85568799305 575.0690113921628],[127.60440063476562 490.6176452636719 299.3169860839844 542.3973388671875],0.9112368822097778,KLV 610,0.5757567755723678
22,1.0,[-1.326716142781322 219.20522789268145 426.8333744329559 575.9249844082165],[125.34245300292969 491.0446472167969 297.3853759765625 543.1671142578125],0.9096665382385254,WLV 610,0.688865661254751
23,1.0,[-1.470566203582564 220.1673484029631 423.6864435118297 576.801938887417],[122.1441421508789 491.4190368652344 294.2709045410156 544.1489868164062],0.9120450019836426,WLV 610,0.671418053152133
24,1.0,[-1.7084322581071092 220.6801893694438 420.1918079129386 577.1990132328389],[117.75106811523438 491.8173828125 290.50927734375 545.7340087890625],0.9147621989250183,WLV 610,0.6993147681659768
25,1.0,[-1.9252362711857813 221.46698151828292 416.4910335128859 577.8206342864064],[113.85066223144531 492.6162109375 286.5125427246094 546.8445434570312],0.9094991683959961,WLV 610,0.8986158220480237
26,1.0,[-1.9191646487690548 222.1767157926306 413.0115681252877 578.466992058064],[110.97089385986328 493.29681396484375 283.20660400390625 547.2391357421875],0.9073622822761536,WLV 610,0.9886124228757742
27,1.0,[-2.0920746122686467 222.73902300443763 409.0314651788716 579.1261402764154],[106.70879364013672 493.3005065917969 279.82012939453125 547.7489013671875],0.9051279425621033,WLV 610,0.8745075197986186
28,1.0,[-2.547091526109938 223.0057467948335 404.3198721831759 579.7022308017148],[101.37793731689453 492.938720703125 275.4739990234375 548.0618896484375],0.91050785779953,WLV 610,0.9055877526480971
29,1.0,[-2.790876684579274 223.28662825186262 399.59498761121927 580.3738766011998],[96.81412506103516 492.70245361328125 269.3336181640625 548.583251953125],0.9039443135261536,MLV 610,0.8518401400817923
31,1.0,[-2.832293004270042 223.952006430462 390.54397347123165 581.1679050717538],[87.60433959960938 492.6219482421875 261.4365539550781 548.7152709960938],0.9095674753189087,HLV 610,0.2782426416646641
33,1.0,[-3.04291011924812 224.41084245922644 380.75207671037134 581.4093223677246],[79.10496520996094 491.7369079589844 252.0966339111328 549.533447265625],0.9090144634246826,WLV 610,0.7626809796812737
34,1.0,[-3.06110267823766 224.48290038501563 376.0481654177869 581.4366598260547],[76.24673461914062 490.8857421875 249.2488555908203 549.6858520507812],0.9164831638336182,WLV 610,0.8695751419144195
35,1.0,[-2.8663105906806265 224.83058002111844 371.7521657189286 581.6899927618832],[70.90895080566406 490.8234558105469 244.65269470214844 549.8612670898438],0.9127362370491028,WLV 610,0.8233867279358422
36,1.0,[-2.9598420935150784 224.86083770629523 367.2490979253797 581.8202327169914],[65.89743041992188 489.79150390625 240.44064331054688 550.5422973632812],0.9154589176177979,WLV 610,0.659716548157847
37,1.0,[-3.208151812252794 224.97307967472045 362.37852774141936 581.8769414069931],[62.324462890625 489.7242431640625 235.7461700439453 550.041748046875],0.9143277406692505,WLV 610,0.8840678544423537
39,1.0,[-3.1171032639517477 224.93714451381192 353.39755924752035 581.9370953647649],[54.713558197021484 489.26483154296875 228.8077392578125 550.4338989257812],0.9116394519805908,HLV 610,0.5050092780177314
40,1.0,[-2.656470181926238 225.2111334179313 349.80619462112605 581.9713640990967],[50.145721435546875 488.9236755371094 225.3049774169922 550.8436279296875],0.9149152040481567,WLV 610,0.7771198114988374
44,1.0,[-2.0288735280080346 225.50863186996807 336.1616067842606 581.0076877148551],[41.29507064819336 488.560791015625 215.09156799316406 551.0732421875],0.9180620908737183,WLV 610,0.3944345898642182
45,1.0,[-1.6544569688166177 225.8688291486338 334.01170054018485 581.1466961279131],[39.42742156982422 488.36688232421875 213.96080017089844 550.97802734375],0.9151375889778137,WLV 610,0.5008773597947116
49,1.0,[0.6776398143185247 226.00356180383457 331.476022786452 580.2531219744901],[41.26826858520508 487.5983581542969 214.5850372314453 548.863525390625],0.9198256134986877,WLV 510,0.3253352205726035
50,1.0,[1.4832285261572622 225.805487069191 332.6627697929481 579.9982199349449],[43.75210189819336 487.21527099609375 216.35018920898438 547.9627075195312],0.9188103675842285,WLV 610,0.8045641393504587
51,1.0,[2.1146871828413794 225.56639773163084 333.9386189620011 579.5448263780979],[45.253360748291016 486.1945495605469 217.53805541992188 547.1224365234375],0.9136857986450195,WLV 610,0.3969777326884224
52,1.0,[3.5308522902500385 224.98647406883487 337.5958101079195 578.5026783417823],[50.7271728515625 485.8141174316406 222.15187072753906 546.8045043945312],0.9171915054321289,NLV 610,0.5268255093262018
53,1.0,[4.727422315792836 223.89564079338845 341.98754370711026 576.8084925419828],[57.6596794128418 484.7851257324219 228.36798095703125 543.7272338867188],0.9119938611984253,WLV 610,0.6377635180583318
54,1.0,[5.927536171587775 222.7673164063488 347.19834329099524 574.7700120113811],[62.87887191772461 483.35150146484375 233.7444305419922 541.687744140625],0.9158385992050171,WLV 610,0.26882876047787746
55,1.0,[7.068958013329592 221.68074094945683 353.5875722318922 573.2224175874169],[70.43062591552734 483.0821533203125 240.5680389404297 539.9655151367188],0.9232533574104309,WLV 610,0.9612908784885174
56,1.0,[8.092717450844958 220.3314956191421 360.20148901917537 571.4505241326436],[78.26358795166016 482.81903076171875 247.8879852294922 538.575927734375],0.9264047741889954,WLV 610,0.9314892017178159
58,1.0,[9.79329875416147 218.20748690857997 375.26079731939325 567.8034068108949],[93.58343505859375 482.0687561035156 262.2976989746094 534.9609985351562],0.9077360033988953,MLV 610,0.6130892280907944
59,1.0,[10.03784782426905 217.30178697399242 382.6018810362908 566.1689580710957],[99.83241271972656 482.117919921875 268.8941345214844 534.3467407226562],0.9008510708808899,WLV 610,0.6513005865929926
60,1.0,[10.124789689141778 218.071963855122 390.4990598650141 567.0114116332529],[107.89991760253906 481.9483642578125 275.2293701171875 531.577392578125],0.8984251022338867,WLV 610,0.5882855604061867
61,1.0,[10.431677951127824 216.76551083002246 398.3848797291872 564.1997898480655],[114.67267608642578 481.60284423828125 282.7869873046875 530.99658203125],0.9013502597808838,WLV 610,0.9161970718806121
62,1.0,[10.463236918556845 217.36144305246006 406.5165687205301 565.3503840627923],[122.17383575439453 482.369384765625 289.5670471191406 530.398193359375],0.9026697874069214,WLV 610,0.42341998565904015
63,1.0,[10.830167494040552 216.36206967293143 414.5909889923092 563.8417739951574],[128.8487548828125 483.167236328125 296.7193908691406 530.2628784179688],0.8988354802131653,MLV 610,0.42666388549448875
64,1.0,[11.330547035991572 215.71330155146845 422.29614590651937 562.6430964496615],[135.04998779296875 483.2083740234375 302.324462890625 529.79150390625],0.9073945879936218,WLV 610,0.6556831893624937
65,1.0,[14.416553374291652 215.52760876602483 430.9193277670222 561.9163011301484],[141.05357360839844 483.6248474121094 308.5424499511719 529.6663818359375],0.9106411933898926,WLV 610,0.8133875000526506
66,1.0,[19.195904074830793 215.71524770561115 439.4127164772748 561.8067073298021],[147.948486328125 483.51385498046875 314.46942138671875 530.0452270507812],0.9073209762573242,WLV 610,0.5423754181195956
67,1.0,[23.95960239360457 215.37708878932006 447.01793541197844 560.9866003784747],[153.04672241210938 483.59002685546875 320.10247802734375 529.2367553710938],0.9175330400466919,WLV 610,0.4233269480592525
68,1.0,[28.42453094077581 215.02960522728858 453.61126634550124 560.3331794705532],[157.57659912109375 483.4024963378906 324.8740539550781 528.4347534179688],0.9183638095855713,WLV 610,0.5214112699854636
69,1.0,[33.4999635942051 214.81257868563418 459.8587914165022 559.8521799232209],[163.5099639892578 483.2891845703125 329.44573974609375 527.8424682617188],0.9111420512199402,WLV 610,0.8263161864077891
70,1.0,[38.47277854611673 214.64062554470814 465.6925042155628 559.4451054279991],[167.35997009277344 482.7119445800781 333.4170837402344 526.6740112304688],0.9171454906463623,WLV 610,0.8443437740492837
71,1.0,[42.6781346549115 214.2206964192646 470.2812196624662 558.653380199464],[170.90113830566406 482.1144104003906 336.63812255859375 525.9371337890625],0.9271929860115051,WLV 610,0.646496956728116
72,1.0,[45.76247169005137 213.8247791588156 473.9528400173134 557.8348203537307],[173.86294555664062 481.3553161621094 339.447998046875 525.4224243164062],0.9242417216300964,WLV 610,0.739766064965261
73,1.0,[48.552914202628216 213.76884026576857 477.1523364998699 557.4805543208915],[176.7299346923828 480.2577819824219 341.9226989746094 524.5790405273438],0.9089071750640869,WLV 610,0.9313541679624944
74,1.0,[51.24480683040349 213.61666368492524 479.78147568104475 557.0761534149357],[179.42881774902344 480.3564147949219 344.9551696777344 524.7183227539062],0.9087192416191101,WLV 610,0.7926415830336597
75,1.0,[53.251884460594 213.42165336181068 481.248739155333 556.7188836147961],[181.26223754882812 479.77587890625 346.6070556640625 523.9780883789062],0.9110807180404663,KLV 610,0.4914531358120838
76,1.0,[55.13033594428819 213.342484542478 482.0620532546335 556.5742441455636],[182.85289001464844 479.35662841796875 348.2186584472656 523.6547241210938],0.9126835465431213,WLV 610,0.19965708640537064
77,1.0,[57.11537873695352 213.21432309455363 481.9806880499858 556.4811599102451],[184.3749542236328 479.3294677734375 350.3320007324219 523.5122680664062],0.9114533066749573,WLV 610,0.8019021232845214
78,1.0,[59.014686997218746 213.15251182183857 481.83972033210625 555.9965711126804],[185.77728271484375 478.90020751953125 351.31341552734375 523.1166381835938],0.9130567908287048,WLV 610,0.9418088504697643
79,1.0,[60.67917791666514 213.36131587942478 481.6053493086447 555.8769214525236],[186.6922607421875 478.603271484375 351.8281555175781 523.0363159179688],0.9133935570716858,WLV 610,0.4497984846253035
80,1.0,[61.628778209348326 213.55263913364104 481.14734441982466 555.9524332179421],[187.47499084472656 478.0635986328125 352.14874267578125 522.7753295898438],0.9136539697647095,WLV 610,0.9375183957753578
81,1.0,[62.19959682195088 213.62043341233016 480.66013862416503 555.8172708709528],[187.651123046875 477.7530517578125 352.1731262207031 522.7279663085938],0.9130701422691345,WLV 610,0.793630550590911
82,1.0,[62.73069727938562 213.85314167837217 480.28915397756646 555.8246904303159],[187.67623901367188 477.7725830078125 352.2552795410156 522.7454833984375],0.9130838513374329,KLV 610,0.6352815180958846
83,1.0,[63.05082026499625 214.00829838808806 479.90226332235034 555.62185180434],[187.6981964111328 477.7339172363281 352.151611328125 522.7088012695312],0.9132184982299805,WLV 610,0.6225784848909968
84,1.0,[63.10837547021998 214.43007849207712 479.53295984578614 555.721913990557],[187.94773864746094 477.68084716796875 351.8212585449219 523.0875854492188],0.9129282236099243,WLV 610,0.9295762407742159
85,1.0,[62.84152674960765 215.27281562283585 479.5931797203633 556.3666126638484],[187.0695343017578 479.34716796875 351.6959533691406 524.1770629882812],0.9123737812042236,WLV 610,0.9682648339701735
86,1.0,[62.096358634711606 216.42311973685253 479.39009947511795 557.3649541562168],[186.59068298339844 480.1658020019531 350.8905029296875 524.8800048828125],0.9155887961387634,WLV 610,0.9579144663436108
87,1.0,[61.048495038714634 217.63361199512647 479.1296093578175 558.5385277212167],[185.42262268066406 481.1128845214844 350.13995361328125 526.6051635742188],0.9223785996437073,WLV 610,0.29273500523536683
88,1.0,[59.900795496713044 218.5758846945592 479.0378796478043 559.6814752937407],[184.8542022705078 481.53271484375 349.19970703125 527.6455688476562],0.9257422685623169,WLV 610,0.9321892505277078
89,1.0,[58.889581055858855 219.21647238858395 478.9958528170533 560.4815611421017],[184.42816162109375 482.2792053222656 348.8164367675781 528.0284423828125],0.927838146686554,WLV 610,0.8645409000115971
90,1.0,[58.28114148820828 221.00952892890572 479.1220834428668 563.7514747734696],[183.7435760498047 483.1094970703125 347.98529052734375 528.7188110351562],0.9280747771263123,WLV 610,0.774657751710401
91,1.0,[57.17036586797829 221.19491920693898 478.9829295552347 564.5906636157965],[182.80563354492188 483.34332275390625 347.4830322265625 529.2787475585938],0.92573481798172,WLV 610,0.9818277009165193
92,1.0,[56.05476177050829 221.44224930889285 478.80450192434887 564.5594359182777],[182.3604736328125 483.607666015625 347.1097412109375 529.782958984375],0.9240840077400208,WLV 610,0.7661732854559656
93,1.0,[54.61262106196398 221.94675764000735 478.3825219247145 564.8924126508573],[181.34715270996094 483.7575378417969 346.3158874511719 529.9632568359375],0.9213189482688904,WLV 610,0.6731616236305966
94,1.0,[53.19633761597419 222.7983553828648 477.8421231223095 565.2064949865878],[180.0594024658203 484.603759765625 345.4256591796875 530.4930419921875],0.9184064865112305,WLV 610,0.6865433551394788
95,1.0,[51.6766398524675 223.83274150103563 477.0682065116888 565.8687272433676],[178.69674682617188 485.5096740722656 344.3534851074219 531.4872436523438],0.9165499806404114,WLV 610,0.6924563075943421
96,1.0,[49.86891862899503 226.30693809575402 476.0315375466438 569.745618503523],[176.74407958984375 485.98052978515625 342.6756896972656 532.2348022460938],0.9132979512214661,WLV 610,0.9586936447448583
97,1.0,[48.02634352823634 227.04042780289896 474.8489463823846 569.9549570198212],[175.57704162597656 486.40740966796875 341.6272277832031 533.1582641601562],0.9138739705085754,WLV 610,0.8191315867960107
98,1.0,[46.405805719746695 228.7722030772766 473.81085125431025 571.3898636123529],[174.60488891601562 487.5936279296875 340.3244323730469 533.8944702148438],0.9129629135131836,WLV 610,0.7505612005592842
99,1.0,[45.209090247741386 230.1953147875271 472.94629795095636 572.216420509494],[174.04620361328125 489.1787109375 338.75872802734375 535.6600952148438],0.9138988256454468,WLV 610,0.891176825466362
100,1.0,[44.052318626563135 232.0899397171477 471.9337289105561 574.4274719857204],[173.64776611328125 490.5079040527344 337.9983825683594 537.098876953125],0.9176155924797058,WLV 610,0.9387039336385241
101,1.0,[43.30894838034618 233.8832838508241 471.1471053533673 575.9325370750606],[172.3977813720703 492.9316101074219 337.2650451660156 538.2643432617188],0.9173955321311951,WLV 610,0.6830020299986652
102,1.0,[42.76852065593184 235.4588747524417 470.4954775392598 576.8478736826985],[171.67666625976562 494.9860534667969 336.6685485839844 539.463623046875],0.9160709977149963,WLV 610,0.9882095879959195
103,1.0,[42.29328737442009 237.44162305604976 469.8082138972684 577.4675885085239],[171.2398223876953 496.57635498046875 335.8912658691406 540.4728393554688],0.9135296940803528,WLV 610,0.8165126873495319
104,1.0,[42.11007255676924 239.97093870964326 469.32148518106095 579.078029939457],[170.75161743164062 498.0606384277344 335.0839538574219 542.49951171875],0.9248781800270081,WLV 610,0.702743057006836
105,1.0,[41.77971249142101 242.67121664592713 468.6830438668321 580.7181618058441],[170.65237426757812 500.09515380859375 334.93218994140625 544.726806640625],0.9319475293159485,WLV 610,0.6237912279604756
106,1.0,[41.36232453676254 245.88656222487356 467.85620845122423 583.6469940603095],[170.1081085205078 501.98785400390625 334.3121643066406 547.9007568359375],0.9203676581382751,NLV 610,0.5956017800929715
107,1.0,[41.01356012053705 249.5840948915149 467.0233370656799 587.1476111555914],[169.20733642578125 504.16046142578125 334.1949157714844 550.8304443359375],0.9201165437698364,KLV 610,0.6266464792715262
108,1.0,[40.84314280775473 252.02144183387387 466.3228490549038 588.9112833250283],[168.62599182128906 507.5823059082031 333.5209655761719 553.2202758789062],0.9226285815238953,WLV 610,0.7819729944267548
109,1.0,[40.76114332818395 254.98180958209406 465.6550680245041 591.1479979790688],[168.0067138671875 510.90972900390625 333.5005798339844 556.16650390625],0.914876401424408,KLV 610,0.7818417166047321
110,1.0,[40.815427035161235 258.0758166608212 465.17653825673295 593.7462133900804],[168.22622680664062 514.0040893554688 333.14190673828125 558.6907958984375],0.9146893620491028,WLV 610,0.7829123002611343
111,1.0,[40.844784309927746 260.6055261586033 464.6822718396022 595.4431881150766],[167.5872802734375 515.782470703125 331.8088073730469 560.5267333984375],0.9226885437965393,WLV 610,0.5321657339152925
112,1.0,[40.982219293189814 263.53757822743097 464.33585899172823 598.1106279107919],[167.87757873535156 517.6906127929688 331.1997375488281 562.8844604492188],0.9211127758026123,WLV 610,0.9146604350977287
113,1.0,[41.09841566842525 265.9158646100633 463.97945591646146 599.6022605846697],[166.8716278076172 519.5050048828125 330.7504577636719 565.1123657226562],0.9175964593887329,WLV &10,0.6585395338127341
114,1.0,[40.7829396453906 268.60360438711325 463.29352897246395 601.6011271936814],[166.31613159179688 520.5751953125 331.03692626953125 567.2412109375],0.9182889461517334,WLV 610,0.8512132486224623
115,1.0,[40.77745747499935 271.00531836159723 462.9498362119672 603.3554666360425],[166.4429473876953 522.7008666992188 330.3790283203125 568.1575927734375],0.918958306312561,KLV 610,0.5199558304939917
116,1.0,[41.10162571602439 272.86073327657584 463.01192373540533 604.7037915047831],[166.51625061035156 524.240234375 329.71417236328125 569.683349609375],0.9123725891113281,WLV 610,0.4744879947121889
117,1.0,[41.39894824294004 274.0518225565256 463.0528134112607 605.2169910080966],[166.79493713378906 525.2666625976562 329.8600769042969 570.8968505859375],0.9136719107627869,WLV 610,0.4710835677996216
118,1.0,[41.533906861470484 275.61941198118944 462.97801327057107 606.6644536705512],[166.9690704345703 527.0633544921875 330.3610534667969 572.1661376953125],0.9159432649612427,WLV &10,0.5958449296742541
119,1.0,[41.70353257366699 276.99708104825334 462.8487615029468 607.6277230391828],[166.86282348632812 528.01416015625 330.1089172363281 573.0641479492188],0.9174560308456421,WLV &10,0.528461031588209
120,1.0,[41.388136798308665 279.98101197411336 462.32673613670505 612.3866640990636],[166.81808471679688 529.2316284179688 329.6377258300781 574.0368041992188],0.9131531119346619,WLV 610,0.9043596541833053
121,1.0,[41.35130855626872 281.45793398558453 462.14491079249274 614.9590631120874],[166.51544189453125 530.5626831054688 329.6484680175781 575.1323852539062],0.9112402200698853,WLV 610,0.6705514125113966
122,1.0,[41.370341127001154 282.2116985043769 462.07003868020206 615.8698429128592],[166.33848571777344 531.7651977539062 329.55157470703125 576.1253051757812],0.9115877151489258,WLV 610,0.6075903005067113
123,1.0,[41.42658219530941 282.9517193452192 462.01715802354545 616.3795250554571],[166.6533660888672 532.4501342773438 329.7610778808594 576.790771484375],0.9143797755241394,WLV 610,0.8162830089948429
124,1.0,[41.5050290501585 283.3547545375982 462.0602045699685 616.2016883838298],[166.77813720703125 533.2863159179688 329.8992919921875 577.5242309570312],0.9216742515563965,WLV 610,0.7236005143580694
125,1.0,[41.624876150754375 284.1346122143523 462.2353434712337 616.4004146600557],[166.87925720214844 533.9342651367188 330.03863525390625 578.498291015625],0.9228162169456482,WLV 610,0.30963617492830525
126,1.0,[41.54276971998104 285.0818146880274 462.2735563845281 616.5836827636339],[166.76487731933594 534.6484985351562 330.12109375 579.9402465820312],0.9213742613792419,WLV 610,0.45541451514598463
127,1.0,[41.222184199438146 285.87425416361015 462.1288549137596 616.4753379153285],[166.13052368164062 535.5741577148438 329.6988830566406 581.1925659179688],0.9185222387313843,WLV 610,0.6341835053292386
128,1.0,[41.09168345302467 287.0399123818283 462.0997055432491 616.9370173078587],[165.68426513671875 536.4876708984375 329.7795104980469 582.3369750976562],0.917188286781311,WLV 610,0.8458997787793492
129,1.0,[40.772877561498234 287.90608190177403 461.97700766017783 617.285646437975],[165.31268310546875 536.8194580078125 330.0438537597656 583.4625244140625],0.9181508421897888,KLV 610,0.6081370681467846
130,1.0,[40.29849751762214 288.6733792231423 461.8484708919084 617.7947064296671],[165.3230743408203 537.697021484375 330.2587890625 584.37255859375],0.9200863838195801,KLV 610,0.62541900775165
131,1.0,[40.03248192423709 289.2747242760014 461.8382791203518 618.1397809606411],[165.21658325195312 538.7944946289062 330.4144287109375 584.9200439453125],0.9216838479042053,HLV 610,0.7041471852181012
132,1.0,[39.73125126770378 289.85839874842895 461.8186886651706 618.7033193901516],[164.91275024414062 539.3739013671875 330.1072692871094 585.1716918945312],0.9197878837585449,WLV 610,0.7559679955119241
133,1.0,[39.34167955934029 290.46803621880633 461.7647943890255 619.5658029773664],[164.50067138671875 539.9251708984375 329.98291015625 585.7313842773438],0.9165859222412109,WLV 610,0.6326991351920636
134,1.0,[39.179796712110715 290.9213234472892 461.88679903159914 620.3031675625945],[164.59913635253906 540.3662109375 329.8177795410156 586.4725952148438],0.9151046872138977,WLV 610,0.7328304305240996
135,1.0,[38.93487515917113 291.23011102524754 461.97132541244036 621.0388495141656],[164.7711944580078 541.2777099609375 329.9151916503906 587.3052978515625],0.9147204160690308,HLV 610,0.47024989582742127
136,1.0,[38.782644035086264 291.47065991260047 462.1712847874454 621.7839164157657],[164.67234802246094 541.8309326171875 330.1259765625 587.9758911132812],0.9155329465866089,WLV 610,0.9487404703415973
137,1.0,[38.68866568506863 291.6132252408763 462.5861990471458 622.3766683892513],[164.79672241210938 542.6514892578125 330.45587158203125 588.7324829101562],0.9149193167686462,WLV 610,0.5259737139994325
138,1.0,[38.510635004169984 291.543623108161 462.9465794849891 622.7932701280856],[165.46902465820312 543.6251220703125 331.4474792480469 589.7100219726562],0.918085515499115,WLV 610,0.9917377428869405
139,1.0,[38.21591884657391 291.41951043160554 463.56736384144983 623.2453480186944],[165.73731994628906 544.1572265625 332.05755615234375 590.3231201171875],0.9166517853736877,WLV 610,0.8420605105327469
140,1.0,[38.13339206332188 291.36641597939575 464.5356645165523 623.7737354838184],[165.67059326171875 544.6121826171875 332.60870361328125 591.0104370117188],0.9131571054458618,WLV 610,0.6235010682206079
141,1.0,[38.00562855728123 291.20743725565603 465.6135033178095 624.2341245223379],[165.66845703125 544.9400634765625 333.44146728515625 591.5966186523438],0.9118759036064148,WLV 610,0.8351199273498746
142,1.0,[38.01428175925986 290.9288751163779 466.9914394431658 624.7246589927806],[166.4039306640625 545.6280517578125 334.4835510253906 592.2719116210938],0.9167616963386536,WLV 610,0.8930046264585075
143,1.0,[38.08022304311328 290.69383034097064 468.38131983763026 625.3833017718586],[166.6569366455078 546.3517456054688 335.21893310546875 592.908935546875],0.9180867075920105,WLV 610,0.9395327968960245
144,1.0,[37.994565796460705 290.5629315877876 469.7566769518819 626.2477805390976],[166.96990966796875 547.38818359375 336.6541442871094 593.3475952148438],0.9142707586288452,HLV 610,0.6996916363781619
145,1.0,[37.96610985756419 290.2150396175821 471.35048607077454 626.898712538287],[167.33056640625 548.0659790039062 337.55084228515625 593.7875366210938],0.9160583019256592,WLV 610,0.7352020746379095
146,1.0,[37.76373087649361 289.82581815505375 472.77718461827794 627.4688273653384],[167.9495849609375 548.675048828125 339.0005187988281 594.744140625],0.9200567007064819,WLV 610,0.32874248906909237
147,1.0,[37.685300356719466 289.3867569436908 474.2910158433507 627.9868249559438],[168.40457153320312 549.3984985351562 340.576416015625 596.3800659179688],0.9210243821144104,WLV 610,0.647396421348433
148,1.0,[37.36019683919619 289.32657365965474 475.6746257881226 629.4643599825022],[169.07052612304688 550.1690673828125 341.8133239746094 597.7378540039062],0.9235074520111084,WLV 610,0.6283388343415748
149,1.0,[37.06355912791625 288.79128286680066 477.0608152091419 630.4456395583213],[169.2157745361328 551.1476440429688 343.1043701171875 599.2991943359375],0.923431396484375,WLV 610,0.4702772598144032
150,1.0,[36.728913867203914 288.5408492668266 477.90963581213543 631.3891801747312],[169.46693420410156 551.87548828125 344.6364440917969 600.8997192382812],0.9211019277572632,WLV 610,0.8150605816848208
151,1.0,[36.34383725184239 288.53319508308743 478.63223356495234 633.0092746892368],[170.1866455078125 553.21630859375 346.04443359375 602.3060302734375],0.9247351288795471,WLV 610,0.7218075771593946
152,1.0,[35.921047565035536 288.58970285904024 479.07807123313194 635.1614506645446],[170.67507934570312 555.0543212890625 347.1408386230469 604.661865234375],0.9262369871139526,WLV 610,0.9342553933335355
153,1.0,[35.44586934808598 288.57945221688334 479.33679404524827 637.3545478628057],[170.9659881591797 557.4456176757812 348.2640686035156 605.874267578125],0.9221016764640808,WLV 610,0.8241034555071783
154,1.0,[34.60286157470253 288.1953068664687 479.3380171485793 638.8452904678234],[170.82041931152344 558.534912109375 348.9976806640625 607.4010009765625],0.9229094982147217,WLV 610,0.40448683855636464
155,1.0,[33.7521112604 287.70934577220805 479.33286841223384 640.3021906068911],[171.09129333496094 559.9478759765625 349.5854797363281 608.2877197265625],0.9194808602333069,WLV 610,0.6443954260674285
156,1.0,[33.34819618337667 287.2174900796441 479.5157992249717 642.012486986951],[171.4241943359375 560.3170166015625 350.58892822265625 609.0555419921875],0.9183980226516724,WLV 610,0.8589706011650516
157,1.0,[32.819476195286086 286.4973664938202 479.5692021648103 643.0499947250704],[171.51121520996094 561.0441284179688 351.0883483886719 609.7036743164062],0.9178690314292908,WLV 610,0.9406687312708872
158,1.0,[32.28938840691373 285.93656963158674 479.5946835122079 643.9486856374057],[171.4494171142578 561.6480712890625 351.5658874511719 610.1317749023438],0.9183427095413208,WLV 610,0.8088556245714839
159,1.0,[31.65734863443248 285.43999785316055 479.5722870154185 645.1077609938375],[171.43460083007812 562.3289794921875 351.7165832519531 610.6845092773438],0.9191544651985168,WLV 610,0.7078664855585143
160,1.0,[31.093800874226588 284.48016411481115 479.581481120915 645.6156283745211],[171.45989990234375 562.7376098632812 352.11602783203125 611.6849975585938],0.9172711372375488,WLV 610,0.5805317232769186
161,1.0,[30.382355322578093 283.4662090173423 479.5217938097036 645.8372372242361],[171.0616455078125 563.1511840820312 352.4178161621094 612.561279296875],0.9172760844230652,WLV 610,0.977369850879231
162,1.0,[29.5364467824686 282.9985363494076 479.4346204348424 646.9257864808418],[170.1726837158203 563.430908203125 352.7542724609375 613.713134765625],0.918461263179779,HLV 610,0.6847422830550359
163,1.0,[28.546559512440496 282.389400588066 479.31495469504387 647.6133148010298],[169.5350799560547 564.2864990234375 353.1219482421875 614.7203369140625],0.9197586178779602,WLV 610,0.590841959691146
164,1.0,[27.87269722234487 282.04660200000524 479.3861385691937 649.4103441893005],[169.29266357421875 565.1382446289062 353.4311828613281 615.728271484375],0.9200276732444763,WLV 610,0.7159020644183872
165,1.0,[27.011222944478618 281.12784806846935 479.3442350035717 650.070143307144],[168.19810485839844 566.0853881835938 353.75787353515625 616.742431640625],0.9189684987068176,WLV 610,0.9385704116372096
166,1.0,[25.769318105827608 280.5733461256866 479.16518209554664 651.1968323209991],[167.39517211914062 566.6130981445312 353.9386291503906 617.30859375],0.9173523187637329,WLV 610,0.9378153449772907
167,1.0,[24.38795681305419 279.2771728668689 479.00777979961435 652.1430422663459],[166.1970672607422 567.116943359375 353.90997314453125 618.3255615234375],0.9186786413192749,WLV 610,0.9775634831632826
168,1.0,[23.252078402113 278.5353109173682 479.01538825942214 653.869317627494],[166.05099487304688 568.0 355.4200134277344 618.8815307617188],0.9219339489936829,WLV 610,0.9833949344924182
169,1.0,[22.24365109960698 277.68466163556343 479.0726574878794 655.3841377723153],[165.5110626220703 568.1846313476562 355.4925537109375 619.7382202148438],0.926105260848999,WLV 610,0.870893406726363
170,1.0,[21.269576760821593 277.5629044929689 479.1378218729909 658.0656199849186],[164.9572296142578 568.8987426757812 355.6813049316406 621.5281372070312],0.9294363260269165,WLV 610,0.9103936500336757
171,1.0,[20.138742485549017 277.27613991218993 479.1211097342405 660.6326815944408],[164.57510375976562 569.5079345703125 355.6809387207031 622.1795654296875],0.9270999431610107,WLV 610,0.9271364062133679
172,1.0,[18.942848277704627 276.115890212625 479.06447903123086 661.3281662408272],[163.73313903808594 570.1344604492188 355.6022644042969 623.1002807617188],0.9246258735656738,WLV 610,0.9616460536927038
173,1.0,[17.55055222420245 275.1575012249015 478.94818648498153 662.1091169941903],[162.79116821289062 570.6914672851562 355.39288330078125 623.7724609375],0.9202185869216919,WLV 610,0.8616811954647717
174,1.0,[16.366389063559637 274.4435037984173 478.96197643411836 663.1739946828602],[161.69033813476562 570.9539184570312 355.6828918457031 625.1241455078125],0.9206907749176025,WLV 610,0.6002536321852622
176,1.0,[13.508894288516899 272.1154200249889 478.67544114489226 664.2318983357741],[159.83978271484375 572.9227905273438 353.69293212890625 626.2594604492188],0.9214246869087219,WLV 610,0.9078912452525593
177,1.0,[12.507654784043439 270.62536495302857 478.6804654974101 664.3340909852313],[158.7570037841797 573.7334594726562 353.0141906738281 626.5676879882812],0.9235608577728271,WLV 610,0.9793795319386126
178,1.0,[11.155891322643583 269.4430591245432 478.5446494785629 665.0887569869874],[157.84519958496094 574.2156982421875 352.5627136230469 626.8181762695312],0.9237988591194153,WLV 610,0.7885602304320439
179,1.0,[9.195384664091023 267.9960969372576 478.4073702951652 665.5456201992497],[155.66732788085938 574.51416015625 351.9698486328125 626.9183959960938],0.9251077771186829,WLV 610,0.9520826157801554
180,1.0,[7.504228648606471 267.0229718876473 478.45012427803636 667.337316443027],[154.3072509765625 575.03173828125 351.6114807128906 627.1102905273438],0.9271830320358276,KLV 610,0.41718721284859683
181,1.0,[6.18665566556632 265.726366815758 478.6175338252749 668.1061733212177],[152.7653350830078 574.9006958007812 351.2375793457031 627.6481323242188],0.9272637367248535,WLV 610,0.9271804161660065
182,1.0,[4.664935311867424 264.007999385331 478.6393391153432 668.2341711491664],[151.21951293945312 575.159423828125 350.97918701171875 628.3196411132812],0.9260451793670654,WLV 610,0.5509972178959632
183,1.0,[3.5566796715212945 262.6753085262687 478.82798891731665 668.8965347891769],[149.8308563232422 575.3423461914062 350.5494689941406 628.9653930664062],0.9258469939231873,WLV 610,0.9398833536904441
184,1.0,[2.658884040205578 261.2784619451967 479.0301765439711 669.0594162339646],[149.08541870117188 575.3899536132812 350.027587890625 629.3405151367188],0.9253689050674438,WLV 610,0.9779962287960501
185,1.0,[2.052629137034188 259.79303971920325 479.2850661631236 669.2871691508765],[148.3447265625 575.49267578125 349.780517578125 629.5103759765625],0.9243765473365784,WLV 610,0.9960298797999084
186,1.0,[1.5848889759419649 258.3218393025219 479.5058234945123 669.3269642263509],[148.0065460205078 575.3717041015625 349.6026611328125 629.5433959960938],0.9239718914031982,WLV 610,0.9325504420247365
187,1.0,[1.1178497667211502 257.23252532406275 479.6497356599658 669.6020284502613],[147.18321228027344 575.1531372070312 349.5063781738281 629.5482788085938],0.9236072897911072,WLV 610,0.9235823059492735
188,1.0,[0.7764240801673452 256.2786856951619 479.79816924942884 670.0197791299944],[146.62632751464844 574.9761352539062 349.2947082519531 629.4541015625],0.9232458472251892,WLV 610,0.9679647318383998
189,1.0,[0.4707805794323292 255.05061640955458 479.90554919121416 669.6776743579958],[146.40724182128906 574.5684204101562 349.10791015625 628.9314575195312],0.92391037940979,WLV 610,0.985633437800632
190,1.0,[0.23533887920748953 255.09474468576119 480.001067599649 670.1247205834242],[146.10723876953125 574.324951171875 348.5157470703125 627.9454345703125],0.9254845976829529,WLV 610,0.939859223833553
191,1.0,[0.057865042095727404 254.05590663548722 480.1020298316158 670.4451647704778],[145.7273712158203 573.8704833984375 348.3493347167969 626.9584350585938],0.926170825958252,WLV 610,0.9757100925032435
192,1.0,[-0.057990756826427514 252.09111211048108 480.17948504344605 668.4472167635878],[145.22573852539062 571.8546142578125 347.9848327636719 626.3213500976562],0.9286859035491943,WLV 610,0.8847648705843711
193,1.0,[0.012787520395278307 250.8391572397989 480.0898127161403 667.0190777696616],[145.250732421875 570.1917114257812 347.1385192871094 625.3387451171875],0.9275843501091003,WLV 610,0.8859931545855392
194,1.0,[0.10026098043579168 251.2026196356286 480.26394160163983 667.6058098170168],[145.17669677734375 567.202392578125 346.69439697265625 623.3158569335938],0.9218053817749023,WLV 610,0.866222213664957
197,1.0,[0.6594284036278282 246.85744762549453 480.422642676802 661.5138495057955],[145.57652282714844 561.4615478515625 345.8221740722656 615.5772094726562],0.9121353626251221,WLV 610,0.7664535926039581
198,1.0,[0.781894134135598 244.71035236633662 480.4844101696927 657.5089015268843],[146.73272705078125 559.240478515625 345.5334167480469 613.0198364257812],0.913673460483551,WLV 610,0.8278946004144723
199,1.0,[1.4547024106877018 242.5975917557837 480.74548111322986 653.2631442005863],[147.71331787109375 557.6285400390625 345.3684387207031 609.7083129882812],0.9194745421409607,WLV 610,0.9730318429998057
201,1.0,[3.8350400567569807 239.63917600108937 480.7281778777376 646.7674454269139],[148.0327911376953 550.5621337890625 344.9077453613281 605.3701782226562],0.9214359521865845,WLV 610,0.9407491640956354
202,1.0,[4.104292646357152 237.64752229937815 480.7368976617156 642.995500615388],[148.61570739746094 548.647216796875 344.4080810546875 602.0682373046875],0.9229785799980164,WLV 610,0.91198067118584
203,1.0,[4.881951911170603 236.11640922554392 480.94508318351654 639.7394855766418],[149.98480224609375 546.5399169921875 344.607666015625 598.88720703125],0.916553258895874,WLV 610,0.8591326739962984
204,1.0,[5.9427702030501734 234.5673474204662 481.18963258183646 636.1044789772511],[150.9452667236328 543.2957153320312 345.0498352050781 595.8892822265625],0.917339563369751,WLV 610,0.8824444618786819
205,1.0,[7.488744718831441 233.35064756459596 481.5393357008262 633.2151741237639],[152.72540283203125 541.412353515625 345.73944091796875 592.3576049804688],0.9205429553985596,WLV 610,0.8781921750859257
206,1.0,[9.365571027984515 232.34670314579233 481.6100651846913 630.0263387416335],[154.43768310546875 539.076171875 345.9256896972656 590.3110961914062],0.9284852743148804,WLV 610,0.678991323294651
207,1.0,[11.285118875894312 231.52179106659253 481.9585714578161 627.2403343495287],[156.36663818359375 534.08740234375 346.4112854003906 587.5899658203125],0.9269376993179321,WLV 610,0.9391416973652076
208,1.0,[13.307552079565795 231.11557567688075 482.21981468638717 624.9177117744708],[156.77688598632812 532.0046997070312 345.3902587890625 584.671142578125],0.9157503247261047,WLV 610,0.775460426563189
209,1.0,[15.148277762266588 230.58688356573447 482.30992444975607 622.1765283933689],[158.32656860351562 530.2569580078125 346.3477478027344 581.44140625],0.9029816389083862,WLV 610,0.585058077791081
210,1.0,[16.93958324548788 230.4219159887526 482.34296554941284 619.9871424982097],[159.75521850585938 527.5611572265625 346.4615783691406 578.2467651367188],0.9035468101501465,WLV 610,0.9341901058533325
211,1.0,[18.925038714232954 230.69063615058155 482.4395200897851 618.5283272655614],[160.9228515625 525.5247802734375 346.3139343261719 574.868896484375],0.9136394262313843,WLV 610,0.8904661252378621
212,1.0,[20.42209150853094 229.895178825482 482.2996319241711 615.1889380479399],[161.27728271484375 522.9027709960938 346.26025390625 572.8359375],0.9194294810295105,WLV 610,0.6386688820157355
213,1.0,[21.731077729848778 228.6347913321651 482.13151378243515 610.6346192579267],[162.70980834960938 518.0384521484375 346.11614990234375 569.9463500976562],0.9221360683441162,WLV 610,0.6786003536074432
214,1.0,[22.784785096522313 229.05360733472043 481.6966755382657 609.7311525733103],[162.44708251953125 516.229736328125 344.77593994140625 567.8700561523438],0.9198924899101257,WLV 610,0.831297997623664
215,1.0,[24.04811520869029 228.6499694228239 481.4388617247881 607.2367322013122],[163.31590270996094 514.865478515625 344.1082763671875 564.771484375],0.915656566619873,WLV 610,0.8237661712331411
216,1.0,[25.51650996400096 227.950112967782 481.62665678258816 603.635348442934],[163.23480224609375 513.6177368164062 342.65679931640625 562.7415161132812],0.9083900451660156,WLV 610,0.8655768442126569
217,1.0,[26.549547248234916 227.63815414187388 481.5559700574073 600.5647310874065],[163.2534942626953 511.7673034667969 341.8399963378906 560.6103515625],0.90938401222229,WLV 610,0.9519616868251354
218,1.0,[27.11813783025886 227.98208679255592 481.30697255390487 599.0624650914381],[162.8883514404297 509.9289245605469 340.7980651855469 558.6425170898438],0.9096722602844238,WLV 610,0.9353799835681654
219,1.0,[27.520625768605896 227.63081670038693 481.07125184556435 596.4497324819474],[162.77069091796875 508.4008483886719 339.79168701171875 557.1673583984375],0.9110597372055054,WLV 610,0.8811366221672364
220,1.0,[27.715583329838807 227.36601551752398 480.82465822616905 593.9316450113333],[162.83558654785156 508.4542236328125 338.15167236328125 556.0567016601562],0.9145471453666687,WLV 610,0.7111932894700528
221,1.0,[27.621396057713753 227.21183682339148 480.5232466778782 592.0191326942106],[161.29769897460938 505.0447998046875 336.8359069824219 554.575927734375],0.9201104044914246,WLV 610,0.653155771354008
222,1.0,[27.423022985662897 226.6163337386917 480.068354279179 589.3880991692224],[160.26234436035156 502.8873596191406 335.62506103515625 552.7833251953125],0.9289097785949707,WLV 610,0.8817535892679972
223,1.0,[27.233514057494574 226.2786546524822 479.3281559306082 587.2474107580172],[159.45608520507812 500.6501159667969 334.3774108886719 551.0989990234375],0.9302342534065247,HLV 610,0.7756063855616939
224,1.0,[26.653507263718893 225.92281415881106 477.8629671219665 585.4200347187794],[158.563720703125 499.8798828125 333.3730773925781 548.8479614257812],0.9258981943130493,HLV 610,0.5639806140836314
225,1.0,[26.28813411061239 225.57514566515255 476.5566690849985 583.7083557379724],[157.787353515625 499.24798583984375 331.70587158203125 547.2183837890625],0.9218437671661377,HLV 610,0.36253091988333636
226,1.0,[26.174898288764524 225.2304928954161 475.50597337167505 581.8969790645255],[157.74180603027344 498.3191223144531 330.5576171875 545.4247436523438],0.9180787801742554,WLV 610,0.9533966698625799
227,1.0,[25.872409040692617 224.89300553756766 473.925229739506 580.4172392143475],[156.88055419921875 496.6168212890625 329.2666320800781 543.5266723632812],0.9167871475219727,WLV 610,0.6394036963325623
228,1.0,[25.597400332283144 224.3666792381405 472.46022601595024 578.5064519279784],[156.42874145507812 494.91546630859375 328.0616149902344 541.9950561523438],0.9151703715324402,WLV 610,0.5231051101866079
229,1.0,[25.419063344684844 223.99385394830378 471.1856650614611 576.7577360269087],[155.69500732421875 493.2249450683594 327.0760192871094 540.8882446289062],0.9152940511703491,WLV 610,0.9138480716657685
230,1.0,[25.166622086967237 223.9938293422582 469.7644593989204 575.4773213762143],[154.99783325195312 492.5232238769531 325.5332336425781 539.8285522460938],0.9179694056510925,WLV 610,0.7165331465798279
231,1.0,[24.958534217558906 224.22735290899405 468.16634246858285 574.7839669575433],[155.14651489257812 491.629638671875 324.759765625 539.1121215820312],0.9207881093025208,WLV 610,0.9677789601132027
232,1.0,[24.822858320975428 224.8444912050995 466.46728545873907 574.4662354307035],[154.64199829101562 491.1721496582031 323.80169677734375 538.7158813476562],0.9191321134567261,WLV 610,0.8806288465448805
233,1.0,[24.980960672971264 225.4081973465085 465.1791574271162 573.7483381259069],[154.20176696777344 490.5690002441406 323.2002868652344 537.7672119140625],0.9123790264129639,WLV 610,0.9701984726865214
234,1.0,[25.834790406676007 225.77572719270364 464.54132697988376 572.7185992551854],[155.4095001220703 488.7698974609375 322.4624938964844 536.8426513671875],0.9103021025657654,WLV 610,0.4239310252291192
235,1.0,[26.98204342704662 226.21729585550867 464.2608820829562 571.674155196625],[156.19403076171875 489.0780944824219 323.30615234375 536.1729125976562],0.9106681942939758,WLV 610,0.8570757600701021
236,1.0,[28.43119714935753 226.88162904425863 464.26895708041354 570.7931637829855],[157.06993103027344 488.3495788574219 324.116943359375 534.9880981445312],0.9109874963760376,WLV 610,0.7381272167849674
237,1.0,[29.988131550129907 227.42420324955629 464.37688514294814 569.8362375037582],[158.02696228027344 487.8484802246094 324.6278991699219 534.2274780273438],0.9103959798812866,WLV 610,0.9237949945702206
238,1.0,[31.501966998328385 228.05534381822238 464.42089647438735 569.2386185903158],[158.9925079345703 487.2339782714844 325.4577331542969 533.9095458984375],0.9106495976448059,WLV 610,0.9621576616417871
239,1.0,[33.19799707606205 228.36660891031465 464.629608581839 568.1611679100724],[160.4860382080078 486.50152587890625 326.1985168457031 532.635498046875],0.9105286002159119,WLV 610,0.9435552970224171
240,1.0,[34.766366753469754 228.19821415767714 464.8188363157896 566.6009577712958],[161.5271453857422 485.7305908203125 326.903076171875 531.5203247070312],0.9144845604896545,WLV 610,0.9789529967091007
241,1.0,[36.04305189528648 227.8894548484979 464.7801330945208 564.7174598547747],[162.44174194335938 484.342041015625 327.4811096191406 529.9143676757812],0.9161635637283325,WLV 610,0.4251080491223802
242,1.0,[37.21870751055542 227.77168769249852 464.7944780688563 563.0897863471619],[163.68942260742188 483.356201171875 328.2720947265625 528.2488403320312],0.9215214848518372,KLV 610,0.32325785765167503
243,1.0,[38.390738660220904 227.85569683682084 464.8382675702944 561.7837242084181],[164.92868041992188 482.4231262207031 328.6749267578125 526.4013061523438],0.9221224784851074,WLV 610,0.4428558623028222
244,1.0,[39.41615914465493 228.0122528559112 464.71406970599185 560.4169309359675],[165.69203186035156 481.5660400390625 329.0959777832031 525.1896362304688],0.914946973323822,MLV 610,0.4048909418184192
245,1.0,[40.809771700375165 228.44625966314706 464.9710360433687 559.4009027649005],[166.88621520996094 481.21038818359375 329.993408203125 524.6767578125],0.9141842722892761,WLV 610,0.7046773077970873
246,1.0,[42.28729675992628 229.26704102113254 465.4530944937947 559.1444142410556],[168.68505859375 481.12249755859375 330.79339599609375 524.5169067382812],0.9157478213310242,WLV 610,0.7548621871387662
247,1.0,[43.794510581522474 229.8879269814555 466.18545717030645 558.4308767172007],[170.88926696777344 481.1250915527344 332.4246826171875 524.3159790039062],0.918013870716095,WLV 610,0.8462994678756239
248,1.0,[45.22709078938965 230.77296742147442 466.84941886450645 558.1956409292652],[172.05145263671875 481.2886657714844 333.6786193847656 524.5949096679688],0.922550618648529,WLV 610,0.6870932061819189
249,1.0,[46.68063645838484 231.81480550086079 467.3364775178013 558.3045082835079],[173.5624542236328 481.9141540527344 334.2240905761719 525.14306640625],0.9295105934143066,WLV 610,0.8054319712448053
250,1.0,[47.923983790265254 233.0886174614941 467.59550832659585 558.6762053003027],[174.00401306152344 482.43170166015625 334.4250183105469 525.5584106445312],0.9338205456733704,WLV 610,0.6626761866862153
251,1.0,[48.87093256176311 234.34973945378468 467.55844936186725 559.1473439212978],[174.45835876464844 482.69940185546875 334.76666259765625 525.9216918945312],0.9323766827583313,WLV 610,0.8728870391818998
252,1.0,[49.578516311027215 235.5475527408835 467.276714053506 559.7216305471693],[174.8262176513672 483.0127868652344 334.9692077636719 526.2321166992188],0.9305458068847656,WLV 610,0.9622475511026226
253,1.0,[50.06615140281764 236.72049921741726 466.7670873432891 560.3934555669764],[175.21124267578125 483.2311096191406 335.1053161621094 526.51416015625],0.9296944737434387,WLV 610,0.8447617428189181
254,1.0,[52.88699367007658 239.57885476258613 462.07003486080805 558.6925919366869],[178.08689880371094 481.2142639160156 329.42645263671875 522.3322143554688],0.9165684580802917,NLV &10,0.48362690280040127
255,1.0,[55.92234191084415 242.1238275898267 458.7497273319224 556.893104198319],[179.480224609375 481.09686279296875 329.1107177734375 521.5625],0.9142829179763794,WLV 610,0.5119409186040552
256,1.0,[58.81894024166306 244.76918477340365 456.229539746932 555.7001807040353],[179.89263916015625 481.2662353515625 328.8476867675781 521.4078979492188],0.9142763614654541,WLV 610,0.7279896498745283
257,1.0,[60.996491355318454 247.01134012880237 454.1087102202306 554.9196850506287],[179.36668395996094 481.4493103027344 328.4436340332031 521.6484375],0.9183861613273621,WLV 610,0.5506097811567758
258,1.0,[62.82750519181076 249.54976716153763 451.8827958476832 554.6591352113916],[179.9552001953125 482.19476318359375 327.8924865722656 521.8187866210938],0.9223752617835999,WLV 610,0.812576398394875
259,1.0,[64.31576560974466 252.66437066552444 449.0890893764148 554.9472740885518],[181.638916015625 483.06939697265625 326.7684020996094 522.257080078125],0.9255056977272034,HLV 610,0.3116197069578718
260,1.0,[65.78603576684904 256.6269502868786 446.0411216244954 555.1967278614514],[182.06358337402344 483.3406982421875 325.0026550292969 522.0755615234375],0.9253747463226318,HLV 610,0.49157155134106445
261,1.0,[67.90307019815523 260.19709810677057 443.32287379678974 555.425653762639],[182.10641479492188 483.45953369140625 323.71075439453125 521.9525756835938],0.9238583445549011,HLV 610,0.701508403171767
262,1.0,[70.1871521209575 263.9242110095971 440.5407263873965 556.1616187817125],[182.93930053710938 483.36767578125 321.8626708984375 521.7379150390625],0.9254917502403259,WLV &10,0.6591615085714432
263,1.0,[71.77253984088614 267.00577263724824 437.7016774804315 556.2849078530344],[183.11575317382812 483.522705078125 320.87664794921875 521.6792602539062],0.925658106803894,WLV &10,0.49315862780519687
264,1.0,[73.08279444831385 269.45330211074776 435.41987059503504 555.9669894337817],[182.60545349121094 483.906494140625 320.39947509765625 521.8990478515625],0.9226768612861633,HLV 610,0.5511742956615931
265,1.0,[74.1147948148936 271.71610686326073 433.36541292889547 556.3051619627145],[182.45008850097656 484.4754638671875 319.7526550292969 523.5012817382812],0.9241549372673035,HLV 610,0.6268668496590716
266,1.0,[75.07830607407374 273.8678741317541 431.8553821621593 557.4268915629667],[182.22659301757812 484.7336120605469 319.2620544433594 523.0068359375],0.9226151704788208,HLV 610,0.7301726998392171
267,1.0,[75.90565221322015 275.6592389519052 430.6065477850652 558.6598161226368],[182.906494140625 485.0967712402344 318.8616638183594 522.9055786132812],0.9205459952354431,WLV 610,0.6019262272156238
268,1.0,[76.68793194554337 276.561856214301 429.6829861478283 558.5200860765336],[183.02430725097656 485.0906677246094 318.5093688964844 522.9677124023438],0.9211015105247498,HLV 610,0.4449976588363508
269,1.0,[77.44596248746785 277.2850706080776 428.8187790613301 557.9787570883358],[182.97348022460938 485.5826721191406 318.288818359375 523.20703125],0.9208941459655762,HLV 610,0.5888848630347316
270,1.0,[78.11933471569131 278.299450823299 428.142424205854 557.9160828394557],[183.05050659179688 485.7344055175781 318.1653747558594 523.6279907226562],0.9208480715751648,HLV 610,0.8089561709526789
271,1.0,[79.24794385554137 279.89275989636013 426.89223568239527 557.336810211749],[183.78123474121094 485.0404052734375 317.50726318359375 522.2908325195312],0.9235745668411255,WLV 610,0.5052154556373193
272,1.0,[80.36574742664388 281.78416003647726 425.4882096506226 556.9668411495865],[184.6112060546875 484.8715515136719 317.04949951171875 521.9067993164062],0.9230974316596985,NLV 610,0.4903553034756606
273,1.0,[81.49571748326969 283.22559226436385 424.1842569075102 556.1058593570059],[185.11056518554688 484.8408203125 316.2913513183594 521.6880493164062],0.9244841933250427,WLV 610,0.372218789466814
274,1.0,[82.61250562786947 284.13017305922017 422.8819867084437 554.3517784714877],[185.7287139892578 485.03924560546875 315.6383056640625 521.3233032226562],0.9240157604217529,WLV 610,0.6623490796592076
275,1.0,[83.7125920016581 285.35907618940587 421.767350027876 553.1762807450817],[186.38174438476562 485.0037841796875 315.0089416503906 520.9080810546875],0.9237076640129089,HLV 610,0.42136114717092454
276,1.0,[84.7128980401767 286.69604840936233 420.79893035986265 552.5044748344545],[186.67713928222656 485.0384826660156 314.85711669921875 520.7490844726562],0.9233441352844238,HLV 610,0.3653934233756043
277,1.0,[85.57458545469234 287.74766152056003 419.70045645114277 551.3726149027364],[187.16085815429688 484.90679931640625 314.5833435058594 520.600830078125],0.922958254814148,WLV 610,0.5515740803986969
278,1.0,[86.81555005905736 288.7488369009784 418.2486227438884 549.5218022468182],[188.05532836914062 484.83782958984375 313.7773132324219 519.8882446289062],0.9202814102172852,KLV 610,0.46150182915500226
279,1.0,[87.9782685117525 290.31876374719195 416.7789560383152 548.3574353119718],[188.26242065429688 484.8522033691406 313.6014099121094 519.3626098632812],0.9171879887580872,KLV B10,0.36343033981114375
280,1.0,[89.12766347041148 292.01646675102995 415.25446644218493 547.4834676331457],[188.55300903320312 484.89453125 313.1542053222656 519.1517333984375],0.9162126779556274,MLV 610,0.7617418491815157
281,1.0,[90.24644761879873 293.8766122235137 413.70956238629947 547.1316017186131],[188.9086151123047 484.8770446777344 312.42913818359375 519.0438232421875],0.9147406220436096,MLV &10,0.6058440425434058
282,1.0,[92.05176029305048 295.8198326706281 411.94099765895237 545.8860981232065],[190.43841552734375 484.55657958984375 310.9358215332031 517.2643432617188],0.9110448956489563,MLV 610,0.38397021005943804
283,1.0,[94.0971476265982 298.56481441754255 410.1239149681471 545.1965900427132],[190.989990234375 484.4209899902344 309.4622802734375 516.1740112304688],0.9091280102729797,KLV 610,0.7063422792300895
284,1.0,[95.90797061768436 301.0759955753773 408.11102893375755 544.9473509627617],[191.1648406982422 484.0738830566406 308.6922302246094 515.4029541015625],0.9086224436759949,MLV 610,0.19086408588150147
285,1.0,[97.32063319449045 303.3923423532708 405.81790522246774 544.6134461088122],[191.45526123046875 483.7353515625 308.8498840332031 514.7667236328125],0.9056200385093689,KLV E10,0.15771814302958348
286,1.0,[98.79827357716022 305.0278869347937 403.8833430788851 543.5276784427059],[192.27197265625 484.07763671875 306.97503662109375 514.7749633789062],0.9065291285514832,HLV 610,0.40308762736737563
287,1.0,[100.28029614337672 306.9552220737797 402.5021992419016 543.4781754477881],[192.4977569580078 484.44189453125 306.632080078125 514.8915405273438],0.9080505967140198,WLV 610,0.4464333367006497
288,1.0,[101.89278974199581 308.5801323864083 401.18308390733114 543.5044985400722],[192.83351135253906 484.6715087890625 306.4056091308594 514.9274291992188],0.908551037311554,WLV 610,0.722518154797655
289,1.0,[103.03842229875323 309.8094800743469 400.1121989225158 543.2327394453063],[192.77667236328125 485.1142883300781 306.3390197753906 515.5524291992188],0.9088342189788818,WLV 610,0.5501744832633063
290,1.0,[103.97940872114705 310.4611374914341 399.35445400982917 542.403726905458],[192.82496643066406 485.4373779296875 306.26629638671875 516.379150390625],0.9067642092704773,NLV 6T0,0.3967915812077697
291,1.0,[104.616073225604 311.1391700146796 398.79218014307503 541.8270869591965],[192.72637939453125 485.5834655761719 306.3052673339844 517.1589965820312],0.9045382142066956,MLV 610,0.5762581598383012
292,1.0,[104.92954839821121 311.86605997606364 398.30890262307616 541.6016375950892],[192.70997619628906 485.737060546875 306.15997314453125 517.5343627929688],0.9028862714767456,HLV 610,0.5421425201551167
293,1.0,[105.14408765657197 312.6878686656901 397.8278933564084 541.6938650552745],[192.62564086914062 485.8655090332031 305.9310607910156 517.7146606445312],0.9022225141525269,HLV 610,0.38143923656331197
295,1.0,[105.42325546200664 314.41773963517136 397.2445684927297 542.728341967382],[192.78250122070312 486.193115234375 305.87255859375 518.61474609375],0.9003574848175049,MLV 610,0.5159867805134636
296,1.0,[105.50795223818892 314.99727589697324 396.9760404769394 543.0032513186802],[192.73765563964844 486.4342346191406 305.8724060058594 518.9981689453125],0.898979902267456,HLV 610,0.2861623675464551
297,1.0,[105.62375996136785 315.5955791957412 396.78659566669603 543.5873149804963],[192.70712280273438 486.75067138671875 305.96746826171875 519.4999389648438],0.8975891470909119,HLV 610,0.490481259265009
298,1.0,[105.67601171087097 316.16372812963004 396.62935326164586 544.3910072778127],[192.6431427001953 487.1973571777344 306.13861083984375 520.11376953125],0.8969635963439941,MLV 610,0.2900320924109038
299,1.0,[105.63669429205586 316.30678819212477 396.41505127741686 544.4300958261015],[192.44503784179688 487.90277099609375 306.04132080078125 520.1709594726562],0.8943069577217102,HLV E10,0.19028920355224785
300,1.0,[105.6822326035647 316.57601290998747 396.30232483265274 544.6917460446609],[192.39146423339844 488.2616271972656 306.11114501953125 520.330322265625],0.892722487449646,HLV 610,0.30297058472197397
301,1.0,[105.6050429029273 316.8225460632864 396.19042848682034 545.1088425719095],[192.22677612304688 489.0683288574219 306.173095703125 520.542724609375],0.8886706233024597,HLV 610,0.7543194413912777
302,1.0,[105.48605731566198 317.09456799106795 396.0783855961409 545.4246866553701],[192.14820861816406 489.579833984375 306.1526794433594 520.7952270507812],0.8881821036338806,WLV 610,0.7398156082951858
303,1.0,[105.34705075896142 317.80798146356585 396.0162281643029 546.4249387293847],[192.2351531982422 490.3610534667969 306.0411682128906 521.1382446289062],0.8861533999443054,WLV 610,0.5510391745397551
304,1.0,[105.35971743298742 318.3423045832319 396.01501010923744 547.3993754778353],[192.09310913085938 490.811279296875 305.9946594238281 521.4478759765625],0.8852332234382629,WLV 610,0.5874222100894533
305,1.0,[105.3743533336893 318.41969760028377 396.08184472568564 547.6257274311916],[191.99533081054688 491.0115051269531 306.17724609375 521.6608276367188],0.8849766850471497,WLV 610,0.8211028787477326
306,1.0,[105.28133539634243 318.71429946343756 396.0366228594438 548.2328680271638],[192.05526733398438 491.1719055175781 306.15216064453125 521.8731079101562],0.8849257826805115,#LV 610,0.4128325022021348
307,1.0,[105.14883590905268 318.99836319544454 396.01479628322795 548.9902831685359],[191.92047119140625 491.3864440917969 306.1591796875 521.9744262695312],0.8837436437606812,WLV 610,0.24077018410196777
308,1.0,[104.83893375752021 318.90182870131764 396.1132584053603 549.3737555657732],[191.97811889648438 491.6814270019531 306.2217712402344 522.2050170898438],0.882712185382843,KLV 610,0.3023980736069782
309,1.0,[104.61929570129593 318.9239024352622 396.1916438640953 549.8705789849338],[191.95359802246094 491.723388671875 306.2502746582031 522.228759765625],0.882542610168457,#LV 610,0.24296589795041137
310,1.0,[104.06735378552389 318.28765650625667 396.3797259137642 549.2987881621282],[191.62635803222656 492.0562438964844 306.84014892578125 522.6961669921875],0.880436897277832,HLV 610,0.5651248595514266
311,1.0,[103.29263065879928 317.57031624099795 396.75390281835377 548.9167275855365],[190.86593627929688 492.184326171875 308.0603942871094 523.2564086914062],0.8809595704078674,HLV 610,0.4119740967182579
312,1.0,[102.48282849966054 317.1882489903763 397.0248235709611 548.946290433587],[190.85247802734375 492.2497253417969 308.10760498046875 523.3433837890625],0.88066565990448,HLV 610,0.8835553094379581
313,1.0,[101.9245912850061 317.061292478424 397.25976854354747 549.069971705275],[190.78089904785156 492.27783203125 308.06622314453125 523.329345703125],0.8804023861885071,WLV 610,0.8227148529575782
314,1.0,[101.37786499301333 317.26437817975625 397.54940594405014 549.9815825268163],[191.2109375 492.43487548828125 307.3997802734375 523.5498046875],0.8796982169151306,MLV B10,0.44227724974788246
315,1.0,[100.60735912178083 316.7078998914959 398.2228254995532 550.5255207441176],[190.59954833984375 493.3485412597656 307.3553466796875 525.1918334960938],0.8796555399894714,KLV 610,0.41634580470255345
316,1.0,[99.80375241920945 316.490760786947 399.5835032019471 552.5330238871471],[189.25128173828125 493.8128356933594 308.5753479003906 526.129638671875],0.8821092844009399,WLV 610,0.6035149464273687
317,1.0,[98.32712778111119 314.97525994337445 400.94959245964316 552.7914427473166],[188.36862182617188 494.0645751953125 309.66607666015625 528.1472778320312],0.8874598741531372,WLV 610,0.6616787782309211
318,1.0,[97.07493685973404 313.9464174046152 402.21813031621537 553.6460157839732],[188.092041015625 494.4549560546875 310.3736572265625 529.058837890625],0.8893362283706665,MLV 610,0.6281535129406268
319,1.0,[95.95772426433086 313.2323076523068 403.52132806840444 554.9160827852095],[188.02505493164062 494.828857421875 310.88958740234375 529.5900268554688],0.8903153538703918,MLV 610,0.7789121622948224
320,1.0,[94.99741425280303 312.183822044481 404.7983865503613 555.587974582139],[187.86288452148438 495.5313415527344 311.3214111328125 530.0341186523438],0.8928091526031494,HLV 610,0.6138276541535805
321,1.0,[93.89549662616278 310.95535317922264 405.9521633132615 555.6782830470897],[187.77456665039062 496.00433349609375 311.8252868652344 530.4591674804688],0.8960102200508118,NLV 610,0.7718489126016638
322,1.0,[92.9379614908733 309.97457405904925 407.34790359576186 556.1965529362108],[187.48963928222656 496.7953186035156 312.3990478515625 531.1395874023438],0.8988795280456543,MLV 610,0.5344004367451878
323,1.0,[92.12088404511084 309.15881720156 408.67808430927505 556.855766777071],[187.4128875732422 497.3208312988281 312.776611328125 531.456298828125],0.9007191061973572,HLV 610,0.753315918756001
324,1.0,[91.20375295065341 308.06636769371033 410.1738680204528 557.1726644638647],[187.21559143066406 497.84478759765625 313.2690734863281 532.0442504882812],0.9032572507858276,WLV 610,0.7241523544664882
325,1.0,[90.39239239114738 306.831066446783 411.71427807868844 557.6696969796362],[187.2214813232422 498.3918762207031 313.82220458984375 532.3993530273438],0.9055171608924866,HLV 610,0.5484942929195438
326,1.0,[89.41208249484154 305.5172913767352 413.15357449056796 558.3979371484614],[186.93939208984375 498.68695068359375 314.3193359375 532.78466796875],0.9075819253921509,WLV 610,0.3320601546670381
327,1.0,[88.24340959283106 303.92922372271124 414.5583352105907 558.5715836309951],[186.40904235839844 498.86395263671875 314.7286682128906 533.7138061523438],0.9102193713188171,WLV 610,0.48365485756232174
328,1.0,[86.67466949448419 302.6546769499945 415.7950531327258 559.4143503021202],[185.60775756835938 499.0242004394531 314.85760498046875 534.3197021484375],0.9114646911621094,HLV 610,0.874876797744819
329,1.0,[85.7191586319924 300.87847132936474 417.24806216076377 559.5358913095804],[183.82337951660156 499.473388671875 314.9196472167969 534.6716918945312],0.9128504395484924,MLV 610,0.5796070066153597
330,1.0,[84.41918482959119 299.57135175974497 418.5231973431487 560.0380851096044],[183.41934204101562 499.6394958496094 315.44097900390625 534.9900512695312],0.912341833114624,WLV 610,0.8665519943851624
331,1.0,[82.47313794846815 299.1626458460181 419.4817752781868 562.3499160259025],[182.90374755859375 499.6722106933594 315.3232421875 535.7380981445312],0.9143968224525452,HLV 610,0.5904976022045952
332,1.0,[80.85477603788468 297.560420369884 420.8220241182628 562.5423663374531],[182.38800048828125 499.8987121582031 315.9624938964844 537.3365478515625],0.9221417307853699,WLV 610,0.29701805218184407
333,1.0,[79.39881363723404 296.35008074325674 422.30593319353136 563.0279043076902],[181.6284942626953 500.0708923339844 316.6026611328125 537.8910522460938],0.9244300127029419,WLV 610,0.45389324028622435
334,1.0,[77.42872043105373 295.367583744856 423.3883907086937 563.9745307157782],[180.92245483398438 500.2832946777344 317.6665344238281 538.5401000976562],0.9248731732368469,HLV 610,0.7486021319697865
335,1.0,[75.58408163462352 293.5906402821746 424.8441803617683 565.0831937036143],[180.03085327148438 500.73486328125 318.45989990234375 539.3262939453125],0.9266571402549744,HLV 610,0.7720118815655507
336,1.0,[73.73012867148427 291.9137949971754 426.3817412073563 565.9473369457097],[179.59312438964844 501.0472717285156 319.20367431640625 539.775390625],0.9257258176803589,WLV 610,0.6480396803473657
337,1.0,[71.88174978159651 290.5504162288588 428.15174128673226 567.2156728233535],[179.0909423828125 501.2506103515625 319.79083251953125 540.3951416015625],0.9245895743370056,KLV 610,0.7300335119526278
338,1.0,[70.04814202527115 289.0631031289605 430.03903071281024 568.7092782610213],[178.2238006591797 501.6465759277344 320.6427001953125 541.2476806640625],0.9257060885429382,WLV 610,0.4488567029114623
339,1.0,[68.6470216601079 287.2131281445477 431.98449467654103 569.7424786166024],[177.29989624023438 502.1422424316406 321.337158203125 541.6039428710938],0.9251025319099426,NLV 610,0.41289412296966616
340,1.0,[66.93685132488065 284.75992215670954 433.9414147678989 570.1743176876641],[176.87570190429688 502.24407958984375 322.066650390625 541.8468627929688],0.9258344173431396,WLV 610,0.6134191276236837
341,1.0,[65.63062751613612 282.4993434099738 436.23987147083756 571.3496571529553],[176.51864624023438 502.2626953125 323.14617919921875 542.0845336914062],0.9237640500068665,WLV 610,0.831289307273767
342,1.0,[64.57602857620128 279.8404347314796 438.6600857550553 571.9231784797769],[176.32704162597656 502.1025085449219 324.78497314453125 542.3480834960938],0.9213994145393372,KLV 610,0.34215399850425393
343,1.0,[63.84455589603215 277.44923960356857 441.447394049491 572.4109560488793],[176.54025268554688 501.6231994628906 325.9239196777344 542.419677734375],0.9208428859710693,WLV 610,0.7554961629536454
344,1.0,[63.37423121620046 275.60034798132074 443.68575258680823 572.4558601107515],[176.89877319335938 500.8495788574219 326.6175842285156 542.2086181640625],0.9190084338188171,MLV &10,0.33326700008481747
345,1.0,[62.838630211004215 274.53496853645083 445.29115608417317 574.0261292213956],[177.51943969726562 500.4578857421875 327.41998291015625 541.8561401367188],0.919637143611908,MLV B10,0.2398185553641111
346,1.0,[62.4629583063265 272.30210243834847 446.7370208702764 573.4248416307432],[177.90467834472656 499.80255126953125 328.61505126953125 541.4257202148438],0.9168240427970886,HLV 610,0.4149508089680586
347,1.0,[62.26178871723701 270.44680243488494 447.9580539277773 572.9834559526748],[178.40980529785156 499.3784484863281 329.0375061035156 540.339111328125],0.912869393825531,WLV 610,0.949537882138341
348,1.0,[61.98066872911929 268.86198230495575 448.9719708044356 572.2298657764388],[178.3445587158203 498.97613525390625 329.7627868652344 540.2589721679688],0.914330780506134,WLV &10,0.374997484925601
349,1.0,[61.639571434365024 267.87254575918416 449.8522598739586 571.7968735336574],[178.496337890625 498.77392578125 330.2236022949219 540.160888671875],0.9146502614021301,WLV 610,0.5953126954871278
350,1.0,[61.326434185361364 267.1235104095577 450.5493360579909 571.7355639735554],[178.494140625 498.8536682128906 330.5818176269531 540.1104736328125],0.9160251021385193,KLV 610,0.5792604270922175
351,1.0,[61.05138296977546 266.47413533973565 451.2470133890356 571.7981462163904],[178.64768981933594 498.8039855957031 330.7877502441406 540.0418701171875],0.9165271520614624,WLV 610,0.6312822937412691
352,1.0,[60.853045366411635 265.8538622117044 451.9542968605858 571.878540735777],[178.55670166015625 498.8078308105469 330.9825134277344 540.1776123046875],0.9166920781135559,WLV 610,0.5136749013465817
353,1.0,[60.38226837440865 265.1309374206185 452.5764177015209 571.8526148337162],[178.49246215820312 498.9005126953125 331.4210205078125 540.51806640625],0.917780339717865,WLV 610,0.6650856634542419
354,1.0,[59.83595056467064 264.55833049604104 453.1944644513794 572.2617137248242],[178.1132354736328 499.0326843261719 331.82794189453125 540.8893432617188],0.9172018766403198,WLV 610,0.9379765726863788
355,1.0,[59.2916664903147 264.0447129994349 453.94247064325407 572.9009032448153],[177.77159118652344 499.2248840332031 332.3491516113281 541.5200805664062],0.9155638813972473,WLV 610,0.4594944315678561
356,1.0,[58.71536636818823 263.42635359341193 454.8366171421055 573.072789148905],[177.57180786132812 499.7531433105469 333.21759033203125 541.677001953125],0.91916823387146,WLV 610,0.8874529773731841
357,1.0,[58.20181425079966 263.4410478726594 455.8721062752228 574.4730529875372],[177.68328857421875 500.196533203125 333.4231262207031 542.8657836914062],0.9237154126167297,NLV 610,0.680357424477043
358,1.0,[57.92540154876025 263.63241333987065 457.2874329695746 576.1799166770165],[177.8658905029297 500.7763366699219 334.3097229003906 544.001220703125],0.9216367602348328,WLV 610,0.5730565237927717
359,1.0,[57.7838000205555 264.06659567392785 458.6458120219339 578.4602029338566],[177.21377563476562 502.1514892578125 334.52978515625 545.4135131835938],0.9157056212425232,KLV 610,0.34026862462366486
360,1.0,[57.31674628717818 264.67527477254646 460.03030488607146 581.5792292831449],[176.97450256347656 503.8822021484375 335.1309814453125 547.8753051757812],0.905215322971344,WLV 610,0.8127750206173615
361,1.0,[56.244223557996605 264.5958012283324 460.9898784473454 583.326723200084],[176.916748046875 507.0086975097656 335.9530944824219 551.4367065429688],0.9049752950668335,WLV &10,0.5250149426106814
362,1.0,[55.160267283402135 265.9573127116721 461.99933126657174 587.1136658220881],[177.44338989257812 509.5934753417969 336.094482421875 554.481201171875],0.9080690145492554,WLV &10,0.7040927930819931
363,1.0,[53.65794517432846 266.7198983717201 462.67026141583995 589.768006007774],[176.23236083984375 511.9557189941406 336.00579833984375 556.1179809570312],0.9226865172386169,WLV &10,0.5128557031612534
364,1.0,[52.33179827082128 268.14737291876094 463.71599311663715 594.2790431971491],[174.0556182861328 515.0338134765625 336.54339599609375 559.1414184570312],0.9130847454071045,WLV &1D,0.4131972161667655
365,1.0,[50.712654256731184 268.01368391747224 464.42786030065145 595.8798901609714],[173.34336853027344 517.121337890625 336.3427429199219 561.9998168945312],0.9184637069702148,WLV B10,0.2053317717788828
366,1.0,[49.35016994495106 268.6582062232718 465.2130460645883 598.488505822043],[172.22911071777344 519.4567260742188 335.7354431152344 563.794921875],0.9073065519332886,WLV B10,0.465485952593492
367,1.0,[47.8519383263953 268.07263095956046 465.83156155311667 598.9145536250796],[170.948974609375 520.8101196289062 335.2370910644531 565.6702270507812],0.9075438976287842,HLV 610,0.6375245370717108
368,1.0,[46.54147074970152 266.8465419332007 466.60147418973384 598.959415853133],[169.6087188720703 521.458984375 335.3134460449219 567.5078735351562],0.9085965156555176,HLV 610,0.5863347726926921
369,1.0,[45.36278914489037 266.8769570317519 467.5925847210874 603.1821678563786],[168.5058135986328 521.08349609375 335.18310546875 567.630126953125],0.908667266368866,WLV 610,0.9417586501997757
373,1.0,[35.815702982092716 262.95979219774347 464.71416118601206 611.8097656984639],[160.99977111816406 526.7186889648438 329.03857421875 571.8072509765625],0.9138548374176025,WLV &10,0.32165210242452813
374,1.0,[32.97819485473832 261.32563169873913 463.8853823049523 613.2210007080741],[158.8853302001953 526.4144287109375 328.3647766113281 571.9617309570312],0.9119327068328857,WLV 610,0.29943258581616655
375,1.0,[31.100640813139535 260.3489127877698 464.0129004042085 616.2725679472397],[157.076171875 524.609375 328.2507629394531 571.3002319335938],0.9006746411323547,HLV B10,0.36060530018490305
376,1.0,[30.391550017038014 256.31737989505086 465.38329535019375 613.84400471148],[156.93975830078125 523.504150390625 328.47589111328125 570.73974609375],0.9058935642242432,WLV &10,0.38014203572930877
377,1.0,[29.488552398052036 255.0998827181094 466.4726843442415 616.2811095452722],[156.4393310546875 523.2232666015625 329.08935546875 570.9527587890625],0.9085549712181091,WLV 610,0.5212201922368037
378,1.0,[29.07699286713884 252.81515034724788 467.60803428051634 616.0254071448769],[156.53433227539062 523.9544677734375 329.6876525878906 571.0240478515625],0.9067016839981079,WLV 610,0.6434310274805831
